{"cameraMode":{"drawMode":0,"name":"Shaded","section":"Shading Mode"},"sceneLighting":false,"audioPlay":false,"sceneViewState":{"showFog":true,"showMaterialUpdate":true,"showSkybox":false,"showFlares":true,"showImageEffects":true,"showParticleSystems":true},"in2DMode":false,"pivot":{"x":0.03667604923248291,"y":0.43439993262290957,"z":-0.11548644304275513},"rotation":{"x":-0.054515887051820758,"y":0.9419355988502502,"z":-0.18839116394519807,"w":-0.27259793877601626},"size":5.257157802581787,"orthographic":false}