{"cameraMode":{"drawMode":0,"name":"Shaded","section":"Shading Mode"},"sceneLighting":true,"audioPlay":false,"sceneViewState":{"showFog":true,"showMaterialUpdate":true,"showSkybox":true,"showFlares":true,"showImageEffects":true,"showParticleSystems":true},"in2DMode":false,"pivot":{"x":207.23646545410157,"y":196.0203399658203,"z":-547.978515625},"rotation":{"x":0.2949051856994629,"y":0.01576528139412403,"z":-0.004866368602961302,"w":0.9553847908973694},"size":0.9887921214103699,"orthographic":false}