{"cameraMode":{"drawMode":0,"name":"Shaded","section":"Shading Mode"},"sceneLighting":true,"audioPlay":false,"sceneViewState":{"showFog":true,"showMaterialUpdate":true,"showSkybox":true,"showFlares":true,"showImageEffects":true,"showParticleSystems":true},"in2DMode":false,"pivot":{"x":-0.06786146759986878,"y":1.0300742387771607,"z":0.7515383958816528},"rotation":{"x":0.05862155556678772,"y":0.12393200397491455,"z":0.007267085835337639,"w":-0.9905813932418823},"size":0.02302771806716919,"orthographic":false}