{"cameraMode":{"drawMode":0,"name":"Shaded","section":"Shading Mode"},"sceneLighting":false,"audioPlay":false,"sceneViewState":{"showFog":true,"showMaterialUpdate":true,"showSkybox":false,"showFlares":true,"showImageEffects":true,"showParticleSystems":true},"in2DMode":false,"pivot":{"x":0.07069540023803711,"y":0.21415643393993379,"z":-0.07548543810844422},"rotation":{"x":-0.054515887051820758,"y":0.9419355988502502,"z":-0.18839116394519807,"w":-0.27259793877601626},"size":3.435347557067871,"orthographic":false}