{"cameraMode":{"drawMode":0,"name":"Shaded","section":"Shading Mode"},"sceneLighting":false,"audioPlay":false,"sceneViewState":{"showFog":true,"showMaterialUpdate":true,"showSkybox":false,"showFlares":true,"showImageEffects":true,"showParticleSystems":true},"in2DMode":false,"pivot":{"x":-0.054583191871643069,"y":0.408801794052124,"z":-0.002887219190597534},"rotation":{"x":-0.054515887051820758,"y":0.9419355988502502,"z":-0.18839116394519807,"w":-0.27259793877601626},"size":2.493187189102173,"orthographic":false}