{"cameraMode":{"drawMode":0,"name":"Shaded","section":"Shading Mode"},"sceneLighting":true,"audioPlay":false,"sceneViewState":{"showFog":true,"showMaterialUpdate":true,"showSkybox":true,"showFlares":true,"showImageEffects":true,"showParticleSystems":true},"in2DMode":false,"pivot":{"x":-0.20992587506771089,"y":1.2651740312576295,"z":0.86879962682724},"rotation":{"x":0.08895333856344223,"y":0.02834915928542614,"z":0.0024634022265672685,"w":-0.9956721663475037},"size":0.03683114051818848,"orthographic":false}