{"cameraMode":{"drawMode":0,"name":"Shaded","section":"Shading Mode"},"sceneLighting":false,"audioPlay":false,"sceneViewState":{"showFog":true,"showMaterialUpdate":true,"showSkybox":false,"showFlares":true,"showImageEffects":true,"showParticleSystems":true},"in2DMode":false,"pivot":{"x":0.000026458874344825745,"y":0.013358224183321,"z":-0.00874008983373642},"rotation":{"x":-0.21807672083377839,"y":0.022225547581911088,"z":-0.004974314942955971,"w":-0.9756817817687988},"size":0.09049353003501892,"orthographic":false}