{"cameraMode":{"drawMode":0,"name":"Shaded","section":"Shading Mode"},"sceneLighting":true,"audioPlay":false,"sceneViewState":{"showFog":true,"showMaterialUpdate":true,"showSkybox":true,"showFlares":true,"showImageEffects":true,"showParticleSystems":true},"in2DMode":false,"pivot":{"x":-0.06458953022956848,"y":1.0112800598144532,"z":0.7456924915313721},"rotation":{"x":-0.375893235206604,"y":0.06657154113054276,"z":-0.027166008949279786,"w":-0.9239235520362854},"size":0.02302771806716919,"orthographic":false}