{"cameraMode":{"drawMode":0,"name":"Shaded","section":"Shading Mode"},"sceneLighting":false,"audioPlay":false,"sceneViewState":{"showFog":true,"showMaterialUpdate":true,"showSkybox":false,"showFlares":true,"showImageEffects":true,"showParticleSystems":true},"in2DMode":false,"pivot":{"x":-0.001301407814025879,"y":0.5639349222183228,"z":-0.3065197467803955},"rotation":{"x":-0.054515887051820758,"y":0.9419355988502502,"z":-0.18839116394519807,"w":-0.27259793877601626},"size":11.350027084350586,"orthographic":false}